PartNum,RefCat
"TR07932C","LATITUDE"
"TR07925C","LATITUDE"
"TR07938C","LATITUDE"
"TR07928C","LATITUDE"
"TR07949C","LATITUDE"
"TR07921C","LATITUDE"
"TR07920C","LATITUDE"
"TR07916C","LATITUDE"
"TR07936C","LATITUDE"
"TR07924C","LATITUDE"
"TR07914C","LATITUDE"
"TR07914-SFG","LATITUDE"
"TR07935C","LATITUDE"
"TR07950C","LATITUDE"
"TR07933C","LATITUDE"
"TR07929C","LATITUDE"
"TR07915C","LATITUDE"
"TR07927C","LATITUDE"
"TR07894C","LATITUDE"
"TR07934C","LATITUDE"
"TR08293M","LATITUDE"
"TR08293-01-M","LATITUDE"
"TR08295M","LATITUDE"
"TR08295-01-M","LATITUDE"
"TR08294M","LATITUDE"
"TR08294-01-M","LATITUDE"
"TR08301M","LATITUDE"
"TR08930M","LATITUDE"
"TR08939M","LATITUDE"
"TR08303M","LATITUDE"
"TR07917C","LATITUDE"
"TR07895C","LATITUDE"
"TR07923C","LATITUDE"
"TR07931C","LATITUDE"
"TR07939C","LATITUDE"
"TR07944C","LATITUDE"
"TR07930C","LATITUDE"
"TR07937C","LATITUDE"
"TR07940C","LATITUDE"
"TR07951C","LATITUDE"
"TR07922C","LATITUDE"
"TR07941C","LATITUDE"
"TR07918C","LATITUDE"
"TR07919C","LATITUDE"
"TR07926C","LATITUDE"
"TR07929-01-C","LATITUDE"
"TR07945C","LATITUDE"
"TR07946C","LATITUDE"
"TR07918-01-C","LATITUDE"
"TR07935-01-C","LATITUDE"
"TR08927M","LATITUDE"
"TR08929M","LATITUDE"
"TR08929-01-M","LATITUDE"
"TR08933M","LATITUDE"
"TR08292M","LATITUDE"
"TR08299M","LATITUDE"
"TR07916-SFG","LATITUDE"
"TR07949-SFG","LATITUDE"
"TR07921-01-C","LATITUDE"
"TR07920-01-C","LATITUDE"
"TR07936-01-C","LATITUDE"
"TR07924-01-C","LATITUDE"
"TR07937-01-C","LATITUDE"
"TR07950-SFG","LATITUDE"
"TR07933-01-C","LATITUDE"
"TR07915-SFG","LATITUDE"
"TR07927-01-C","LATITUDE"
"TR07894-SFG","LATITUDE"
"TR07934-01-C","LATITUDE"
"TR08301-01-M","LATITUDE"
"TR08930-01-M","LATITUDE"
"TR08939-01-M","LATITUDE"
"TR08303-01-M","LATITUDE"
"TR07917-SFG","LATITUDE"
"TR07895-SFG","LATITUDE"
"TR07923-01-C","LATITUDE"
"TR07931-01-C","LATITUDE"
"TR07939-01-C","LATITUDE"
"TR07944-SFG","LATITUDE"
"TR07930-01-C","LATITUDE"
"TR07940-01-C","LATITUDE"
"TR07928-01-C","LATITUDE"
"TR07922-01-C","LATITUDE"
"TR07941-01-C","LATITUDE"
"TR07919-01-C","LATITUDE"
"TR07925-01-C","LATITUDE"
"TR07926-01-C","LATITUDE"
"TR07938-01-C","LATITUDE"
"TR07945-SFG","LATITUDE"
"TR07932-01-C","LATITUDE"
"TR07946-SFG","LATITUDE"
"TR08927-01-M","LATITUDE"
"TR08933-01-M","LATITUDE"
"TR08292-01-M","LATITUDE"
"TR08299-01-M","LATITUDE"
"TR-ULNAR-PIN-C","LATITUDE"
"SY10973M","SYKNEE"
"SN06027M","CUPPOS"
"SY10966M","SYKNEE"
"SY10972M","SYKNEE"
"SY10965M","SYKNEE"
"SY10967M","SYKNEE"
"SY10969M","SYKNEE"
"SY10971M","SYKNEE"
"SY10968M","SYKNEE"
"SY10970M","SYKNEE"
"SY10974M","SYKNEE"
"SY10976M","SYKNEE"
"SN11881C","LEGIONKN"
"SN10124M","CLAMPS"
"SN11311M","SNR TIB"
"SN11314M","SNR TIB"
"SN11305M","SNR TIB"
"SN11308M","SNR TIB"
"SN11310M","SNR TIB"
"SN11312M","SNR TIB"
"SN11307M","SNR TIB"
"SN11880C","LEGIONKN"
"SY11089M","SYTIBIA"
"SY11088M","SYTIBIA"
"SY11290M","SYTIBIA"
"SY11129M","SYTIBIA"
"SY11343M","SYTIBIA"
"SY11352M","SYTIBIA"
"SN11313M","SNR TIB"
"SY11087M","SYTIBIA"
"SY10975M","SYKNEE"
"SN11315M","SNR TIB"
"ZM05626M","PROVDIS"
"SN10122M","CLAMPS"
"SN11655M","STRUTS"
"SN11876C","LEGIONKN"
"SN11879C","LEGIONKN"
"SN10142M","CLAMPS"
"SN10035M","TRCHGRIP"
"SN11187M","OX KNEES"
"SN11189M","OX KNEES"
"SN11186M","OX KNEES"
"SN11194M","OX KNEES"
"SN11188M","OX KNEES"
"SN10011M","SPATIAL"
"SN08948M","SPATIAL"
"SN11877C","LEGIONKN"
"OO10943C","EMPOWR"
"OO10922C","EMPOWR"
"OO10938C","EMPOWR"
"OO10908C","EMPOWR"
"OO10910C","EMPOWR"
"OO10941C","EMPOWR"
"OO10946C","EMPOWR"
"OO10907C","EMPOWR"
"SN11185M","OX KNEES"
"SN11193M","OX KNEES"
"SN11191M","OX KNEES"
"SN08990M","SPATIAL"
"SN06898M","STPWEDGE"
"SN11190M","OX KNEES"
"OO10918C","EMPOWR"
"OO10945C","EMPOWR"
"SN08229M","METATIB"
"SN11192M","OX KNEES"
"TJ11052C","TJOKNEE"
"TJ11051C","TJOKNEE"
"SO12012C","SO KNEES"
"SN10036M","TRCHGRIP"
"TR08333T","SIMPLIC"
"TR08334T","SIMPLIC"
"TR08335T","SIMPLIC"
"TJ11050C","TJOKNEE"
"TJ10679T","TJOTIBIA"
"TJ11968T","TJO-Cone"
"TJ11969T","TJO-Cone"
"TJ11972T","TJO-Cone"
"SN10038M","TRCHGRIP"
"SN10161M","TRCHGRIP"
"SO12015C","SO KNEES"
"SO10071T","SO SHELL"
"SN09382T","SNRCONES"
"SN09384T","SNRCONES"
"SN09381T","SNRCONES"
"SN09410T","SNRCONES"
"SH11854T","STEMLESS"
"SH11855T","STEMLESS"
"SH11856T","STEMLESS"
"SN09383T","SNRCONES"
"SH11082M","HUMHEAD"
"SH11652T","HUM STEM"
"SH11090T","HUM STEM"
"SH11091T","HUM STEM"
"SN09388T","SNRCONES"
"SN09400T","SNRCONES"
"SN09401T","SNRCONES"
"SN08971M","SPATIAL"
"SN11329M","STRUTS"
"SN06700M","STPWEDGE"
"EC11550T","LINEAR"
"EC11562T","LINEAR"
"OO10909C","EMPOWR"
"OO10912C","EMPOWR"
"OO10913C","EMPOWR"
"OD12033T","ODCCUP"
"OD12013T","ODCCUP"
"OD12036T","ODCCUP"
"OD12038T","ODCCUP"
"OD12039T","ODCCUP"
"SN11871C","LEGIONKN"
"SN11873C","LEGIONKN"
"SN10746M","OFFSETC"
"SN09404T","SNRCONES"
"SN09390T","SNRCONES"
"SN09387T","SNRCONES"
"SN09411T","SNRCONES"
"SN09389T","SNRCONES"
"SN09403T","SNRCONES"
"SO10070T","SO SHELL"
"SO10072T","SO SHELL"
"OO10921C","EMPOWR"
"TJ11053C","TJOKNEE"
"TJ10682T","TJOTIBIA"
"TJ11049C","TJOKNEE"
"TJ10683T","TJOTIBIA"
"TJ10678T","TJOTIBIA"
"TJ10680T","TJOTIBIA"
"TJ10681T","TJOTIBIA"
"EC10556T","DJO-SHEL"
"EC10553T","DJO-SHEL"
"TJ11048C","TJOKNEE"
"TJ11860T","TJOSHELL"
"TJ11864T","TJOSHELL"
"EC11978T","EC-Cones"
"EC11981T","EC-Cones"
"EC11982T","EC-Cones"
"EC11983T","EC-Cones"
"EC11979T","EC-Cones"
"EC11980T","EC-Cones"
"EC11975T","EC-Cones"
"EC11976T","EC-Cones"
"EC11977T","EC-Cones"
"NC10958M","NCINSTRU"
"TJ11970T","TJO-Cone"
"TJ11971T","TJO-Cone"
"EC03041T","TIBBASE"
"EC02267M","FEMHEAD"
"EC01190M","FEMHEAD"
"OO10939C","EMPOWR"
"OO10940C","EMPOWR"
"SN10747M","OFFSETC"
"SO11845T","SO SHELL"
"SO11847T","SO SHELL"
"SN09402T","SNRCONES"
"ZM05619M","PROVDIS"
"R&D","R&D"
"TH09006M","COUPON"
"TH09120M",""
"SN06021-06-M","OFFPOS"
"SN06027-11-M","CUPPOS"
"SN06021-03-M","OFFPOS"
"TH09135M","COUPON"
"CR1(ASTM799)",""
"CR138(ASTM799)",""
"SO12045C","SO KNEES"
"OD12041T","ODCCUP"
"SN07424T","ACETABSH"
"SN07428T","ACETABSH"
"SN07426T","ACETABSH"
"SN07425T","ACETABSH"
"OC10677M",""
"SN06021M","OFFPOS"
"SN06569M","STEMINS"
"SN06981M","XBAR"
"SN07423T","ACETABSH"
"SN07427T","ACETABSH"
"SN07429T","ACETABSH"
"SN07430T","ACETABSH"
"SN07431T","ACETABSH"
"SN07968T","ACETABSH"
"SN08629T","FLATSTEM"
"SN08634T","FLATSTEM"
"SN08636T","FLATSTEM"
"SN08646T","FLATSTEM"
"SN09409T","SNRCONES"
"SN11875C","LEGIONKN"
"SN11878C","LEGIONKN"
"ZM05625M","PROVDIS"
"EC00939M",""
"SN06027-01-M","CUPPOS"
"SN06027-02-M","CUPPOS"
"SN06027-04-M","CUPPOS"
"TR08333-SFG","SIMPLIC"
"TR08334-SFG","SIMPLIC"
"TR08335-SFG","SIMPLIC"
"EC06701T","BASEPLT"
"EC10272T","RSP P2"
"SN11874C","LEGIONKN"
"SN10036-Blank","TRCHGRIP"
"SN10038-Blank","TRCHGRIP"
"SN10161-Blank","TRCHGRIP"
"SN10035-Blank","TRCHGRIP"
"SN07433T","ACETABSH"
"SN07434T","ACETABSH"
"SN08640T","FLATSTEM"
"SN07432T","ACETABSH"
"SN08639T","FLATSTEM"
"SN08635T","FLATSTEM"
"SN08649T","FLATSTEM"
"SN08650T","FLATSTEM"
"SN08630T","FLATSTEM"
"SN08631T","FLATSTEM"
"SN08633T","FLATSTEM"
"SN07970T","ACETABSH"
"SN06981-02-M","XBAR"
"SN08645T","FLATSTEM"
"81026222","STEMINS"
"SN11808C","LEGIONKN"
"SN11802C","LEGIONKN"
"SN11809C","LEGIONKN"
"ZM06024M","SCREW"
